{"cameraMode":{"drawMode":0,"name":"Shaded","section":"Shading Mode"},"sceneLighting":true,"audioPlay":false,"sceneViewState":{"m_AlwaysRefresh":false,"showFog":true,"showSkybox":true,"showFlares":true,"showImageEffects":true,"showParticleSystems":true,"showVisualEffectGraphs":true,"m_FxEnabled":true},"in2DMode":false,"pivot":{"x":540.2765502929688,"y":0.8242470026016235,"z":443.05889892578127},"rotation":{"x":-0.11519502103328705,"y":0.6790366768836975,"z":-0.10907484591007233,"w":-0.7168096899986267},"size":1.5554981231689454,"orthographic":false}